{"xvalues":[0,0.000003213863,0.000006427726,0.00000964159,0.00001285545,0.00001606932,0.00001928318,0.00002249704,0.00002571091,1],"yvalues":[1,1,1,0.5,0.5,0.2,0.1428571,0.04,0,0]}